Omega,a_interior_to_endpoint,ell_interior_to_endpoint,tau_switch,imag_q_switch,first_fresnel_zero,a_lower_birth,a_tip,ell_tip
1.250000000000000000e+00,3.191018368737579824e-01,9.361877682662645972e-01,3.917244765013749852e+00,3.016708607338057235e-01,2.143566921562347183e+00,3.400524692682312944e-01,3.966326669423279605e-01,4.922574410340883055e-01
