a,ell,tau,scaled_real_q,scaled_imag_q,riccati_real_q,riccati_imag_q,cylinder_real_q,cylinder_imag_q,scaled_riccati_abs_error,scaled_cylinder_abs_error
1.000000000000000021e-02,1.594182412248592806e+00,7.107197671703483266e+00,-1.210143096841420629e-14,8.579705939300289463e-01,-2.703576945650709717e-12,8.579705939283472915e-01,-2.333155179987059158e-12,8.579705939286299543e-01,3.173641971661486653e-12,2.710068120021111552e-12
3.162277660168379394e-03,1.765309325197054635e+00,9.137975783973214305e+00,1.154631945610162802e-14,9.251597116234243634e-01,-2.933939691944584954e-12,9.251597116193882586e-01,nan,nan,4.996601812086201859e-12,nan
1.000000000000000021e-03,1.865687607446116836e+00,1.197203506473667822e+01,-1.776356839400250465e-15,9.598709263930624846e-01,-3.121491302924551384e-12,9.598709263861064933e-01,nan,nan,7.623544900236744553e-12,nan
