a_tip_minus_a,a,ell_lower_exact,ell_upper_exact,ell_lower_sqrt,ell_upper_sqrt,lower_error,upper_error
1.000000000000000021e-02,3.866326669423201245e-01,2.689061100605799060e-01,7.128975369136965057e-01,2.651937596495969052e-01,7.193211224113272850e-01,3.712350410983000781e-03,-6.423585497630779351e-03
3.000000000000000062e-03,3.936326669423201308e-01,3.684430192439871465e-01,6.155387402438281530e-01,3.678895407479964574e-01,6.166253413129276773e-01,5.534784959906891011e-04,-1.086601069099524253e-03
1.000000000000000021e-03,3.956326669423201325e-01,4.205348559191613433e-01,5.638282555881264368e-01,4.204536003238320552e-01,5.640612817370921350e-01,8.125559532928816608e-05,-2.330261489656981766e-04
2.999999999999999737e-04,3.963326669423201110e-01,4.529332260753272110e-01,5.315388279491822798e-01,4.529288577599331345e-01,5.315860243009911112e-01,4.368315394076560665e-06,-4.719635180883141601e-05
1.000000000000000048e-04,3.965326669423201444e-01,4.695490241814491150e-01,5.149518411290356923e-01,4.695510728923755761e-01,5.149638091685485586e-01,-2.048710926461083659e-06,-1.196803951286629086e-05
